"id","impact","description","help","helpUrl","html","target","url"
"aria-valid-attr-value","critical","Ensures all ARIA attributes have valid values","ARIA attributes must conform to valid values","https://dequeuniversity.com/rules/axe/4.9/aria-valid-attr-value?application=axeAPI","<button id=""sponsorship-close-trigger-120658"" aria-controls=""sponsorship-close-120658"" class=""crayons-btn crayons-btn--s crayons-btn--ghost crayons-btn--icon"">","#sponsorship-close-trigger-120658","https://dev.to/auraswap/html-reporting-for-axecore-53ed"
"image-alt","critical","Ensures <img> elements have alternate text or a role of none or presentation","Images must have alternate text","https://dequeuniversity.com/rules/axe/4.9/image-alt?application=axeAPI","<img src=""https://dev.to/assets/sparkle-heart-5f9bee3767e18deb1bb725290cb151c25234768a0e9a2bd39370c382d02920cf.svg"" width=""24"" height=""24"">",".reaction_engagement_like > img[width=""24""][height=""24""]","https://dev.to/auraswap/html-reporting-for-axecore-53ed"
"image-alt","critical","Ensures <img> elements have alternate text or a role of none or presentation","Images must have alternate text","https://dequeuniversity.com/rules/axe/4.9/image-alt?application=axeAPI","<img src=""https://dev.to/assets/multi-unicorn-b44d6f8c23cdd00964192bedc38af3e82463978aa611b4365bd33a0f1f4f3e97.svg"" width=""24"" height=""24"">",".reaction_engagement_unicorn > img[width=""24""][height=""24""]","https://dev.to/auraswap/html-reporting-for-axecore-53ed"
"link-in-text-block","serious","Ensure links are distinguished from surrounding text in a way that does not rely on color","Links must be distinguishable without relying on color","https://dequeuniversity.com/rules/axe/4.9/link-in-text-block?application=axeAPI","<a href=""/auraswap"">Liz Wait</a>",".crayons-subtitle-2 > a[href$=""auraswap""]","https://dev.to/auraswap/html-reporting-for-axecore-53ed"
"link-name","serious","Ensures links have discernible text","Links must have discernible text","https://dequeuniversity.com/rules/axe/4.9/link-name?application=axeAPI","<a name=""the-good-part"" href=""#the-good-part"">
  </a>","a[name=""the-good-part""]","https://dev.to/auraswap/html-reporting-for-axecore-53ed"
"link-name","serious","Ensures links have discernible text","Links must have discernible text","https://dequeuniversity.com/rules/axe/4.9/link-name?application=axeAPI","<a name=""file-structure-example"" href=""#file-structure-example"">
  </a>","a[name=""file-structure-example""]","https://dev.to/auraswap/html-reporting-for-axecore-53ed"
"link-name","serious","Ensures links have discernible text","Links must have discernible text","https://dequeuniversity.com/rules/axe/4.9/link-name?application=axeAPI","<a name=""see-why-4m-developers-consider-sentry-not-bad"" href=""#see-why-4m-developers-consider-sentry-not-bad"">  </a>","div[data-id=""108248""] > .pt-3.text-styles--billboard.p-1 > h2 > a:nth-child(1)","https://dev.to/auraswap/html-reporting-for-axecore-53ed"
"link-name","serious","Ensures links have discernible text","Links must have discernible text","https://dequeuniversity.com/rules/axe/4.9/link-name?application=axeAPI","<a name=""how-will-chatgpt-affect-the-future-of-coding"" href=""#how-will-chatgpt-affect-the-future-of-coding"">  </a>","div[data-id=""967""] > .pt-3.text-styles--billboard.p-1 > h2 > a","https://dev.to/auraswap/html-reporting-for-axecore-53ed"
"link-name","serious","Ensures links have discernible text","Links must have discernible text","https://dequeuniversity.com/rules/axe/4.9/link-name?application=axeAPI","<a name=""create-a-dev-account-it-only-takes-a-minute-and-is-100-free"" href=""#create-a-dev-account-it-only-takes-a-minute-and-is-100-free"">  </a>",".pt-3.text-styles--billboard.p-1 > h3 > a:nth-child(1)","https://dev.to/auraswap/html-reporting-for-axecore-53ed"
"link-name","serious","Ensures links have discernible text","Links must have discernible text","https://dequeuniversity.com/rules/axe/4.9/link-name?application=axeAPI","<a name=""-cta-httpsdevtoenterstatenewuser-"" href=""#-cta-httpsdevtoenterstatenewuser-"">  </a>",".popover-billboard > .text-styles--billboard.p-1.text-styles > h3 > a:nth-child(1)","https://dev.to/auraswap/html-reporting-for-axecore-53ed"
"region","moderate","Ensures all page content is contained by landmarks","All page content should be contained by landmarks","https://dequeuniversity.com/rules/axe/4.9/region?application=axeAPI","<div class=""crayons-bb__title"">ðŸ‘‹ Kindness is contagious</div>",".flex > .crayons-bb__header.relative > .crayons-bb__title","https://dev.to/auraswap/html-reporting-for-axecore-53ed"
"region","moderate","Ensures all page content is contained by landmarks","All page content should be contained by landmarks","https://dequeuniversity.com/rules/axe/4.9/region?application=axeAPI","<p>Delve deeply into knowledge with this enlightening piece, fostered within the supportive environment of the DEV Communityâ€”<strong>every coder,</strong> no matter their experience level, is welcome to contribute to our collective wisdom.</p>",".popover-billboard > .text-styles--billboard.p-1.text-styles > p:nth-child(1)","https://dev.to/auraswap/html-reporting-for-axecore-53ed"
"region","moderate","Ensures all page content is contained by landmarks","All page content should be contained by landmarks","https://dequeuniversity.com/rules/axe/4.9/region?application=axeAPI","<p>A simple ""thank you"" can make a big differenceâ€”express your gratitude in the comments!</p>",".popover-billboard > .text-styles--billboard.p-1.text-styles > p:nth-child(2)","https://dev.to/auraswap/html-reporting-for-axecore-53ed"
"region","moderate","Ensures all page content is contained by landmarks","All page content should be contained by landmarks","https://dequeuniversity.com/rules/axe/4.9/region?application=axeAPI","<p><strong>Sharing information enhances our journey</strong> on DEV and fortifies our community connection. Did you find this useful? A moment to thank the author can make a significant impact.</p>",".popover-billboard > .text-styles--billboard.p-1.text-styles > p:nth-child(3)","https://dev.to/auraswap/html-reporting-for-axecore-53ed"
"scrollable-region-focusable","serious","Ensure elements that have scrollable content are accessible by keyboard","Scrollable region must have keyboard access","https://dequeuniversity.com/rules/axe/4.9/scrollable-region-focusable?application=axeAPI","<pre class=""highlight plaintext"">","pre","https://dev.to/auraswap/html-reporting-for-axecore-53ed"
"color-contrast","serious","Ensures the contrast between foreground and background colors meets WCAG 2 AA minimum contrast ratio thresholds","Elements must meet minimum color contrast ratio thresholds","https://dequeuniversity.com/rules/axe/4.9/color-contrast?application=axeAPI","<strong style="""">Sitemap</strong>","a[href$=""sitemap""] > span > strong","https://www.dcprentals.com/pennsylvania-properties"
"color-contrast","serious","Ensures the contrast between foreground and background colors meets WCAG 2 AA minimum contrast ratio thresholds","Elements must meet minimum color contrast ratio thresholds","https://dequeuniversity.com/rules/axe/4.9/color-contrast?application=axeAPI","<span style=""color: rgb(255, 255, 255);"">Â© 2019 All Rights Reserved.</span>","#\31 240481740 > span","https://www.dcprentals.com/pennsylvania-properties"
"color-contrast","serious","Ensures the contrast between foreground and background colors meets WCAG 2 AA minimum contrast ratio thresholds","Elements must meet minimum color contrast ratio thresholds","https://dequeuniversity.com/rules/axe/4.9/color-contrast?application=axeAPI","<div class=""u_1313928911 dmNewParagraph"" data-element-type=""paragraph"" id=""1313928911"" style=""transition: opacity 1s ease-in-out 0s;"" data-binding=""W3siYmluZGluZ05hbWUiOiJ0ZXh0IiwidmFsdWUiOiJzaXRlX3RleHQuY29tcGFueSBuYW1lIn1d"" data-diy-text="""">Dynamic Capital Properties LLC</div>","#\31 313928911","https://www.dcprentals.com/pennsylvania-properties"
"landmark-one-main","moderate","Ensures the document has a main landmark","Document should have one main landmark","https://dequeuniversity.com/rules/axe/4.9/landmark-one-main?application=axeAPI","<html xmlns=""http://www.w3.org/1999/xhtml"" lang=""en"" class=""pointer skrollr skrollr-desktop"">","html","https://www.dcprentals.com/pennsylvania-properties"
"region","moderate","Ensures all page content is contained by landmarks","All page content should be contained by landmarks","https://dequeuniversity.com/rules/axe/4.9/region?application=axeAPI","<div class=""u_1000971427 dmRespRow dmDefaultListContentRow"" style=""text-align:center"" id=""1000971427"">","#\31 000971427","https://www.dcprentals.com/pennsylvania-properties"
"region","moderate","Ensures all page content is contained by landmarks","All page content should be contained by landmarks","https://dequeuniversity.com/rules/axe/4.9/region?application=axeAPI","<div class=""u_1874542927 dmRespCol small-12 large-2 medium-2"" id=""1874542927"">","#\31 874542927","https://www.dcprentals.com/pennsylvania-properties"
"region","moderate","Ensures all page content is contained by landmarks","All page content should be contained by landmarks","https://dequeuniversity.com/rules/axe/4.9/region?application=axeAPI","<div dmwrapped=""true"" id=""dmFirstContainer"" class=""dmBody u_dmStyle_template_pennsylvania-properties"">","#dmFirstContainer","https://www.dcprentals.com/pennsylvania-properties"
"region","moderate","Ensures all page content is contained by landmarks","All page content should be contained by landmarks","https://dequeuniversity.com/rules/axe/4.9/region?application=axeAPI","<h2 class=""u_1074961136 dmNewParagraph"" data-element-type=""paragraph"" id=""1074961136"" style=""transition: opacity 1s ease-in-out 0s;""><span style=""color: rgb(238, 238, 238);"">Contact Us</span></h2>","#\31 074961136","https://www.dcprentals.com/pennsylvania-properties"
"region","moderate","Ensures all page content is contained by landmarks","All page content should be contained by landmarks","https://dequeuniversity.com/rules/axe/4.9/region?application=axeAPI","<div class=""u_1847304025 dmRespCol small-12 large-11 medium-11"" id=""1847304025"">","#\31 847304025","https://www.dcprentals.com/pennsylvania-properties"
"region","moderate","Ensures all page content is contained by landmarks","All page content should be contained by landmarks","https://dequeuniversity.com/rules/axe/4.9/region?application=axeAPI","<div class=""u_1539984040 dmRespCol small-12 large-11 medium-11"" id=""1539984040"">","#\31 539984040","https://www.dcprentals.com/pennsylvania-properties"
"region","moderate","Ensures all page content is contained by landmarks","All page content should be contained by landmarks","https://dequeuniversity.com/rules/axe/4.9/region?application=axeAPI","<div class=""u_1126906428 dmRespCol small-12 large-11 medium-11"" id=""1126906428""> <div class=""u_1939100179 dmNewParagraph"" data-element-type=""paragraph"" id=""1939100179"" style=""transition: none 0s ease 0s; display: block;"">(570) 489-1851</div></div>","#\31 126906428","https://www.dcprentals.com/pennsylvania-properties"
"region","moderate","Ensures all page content is contained by landmarks","All page content should be contained by landmarks","https://dequeuniversity.com/rules/axe/4.9/region?application=axeAPI","<div class=""u_1873010935 dmRespCol small-12 large-11 medium-11"" id=""1873010935"">","#\31 873010935","https://www.dcprentals.com/pennsylvania-properties"
"region","moderate","Ensures all page content is contained by landmarks","All page content should be contained by landmarks","https://dequeuniversity.com/rules/axe/4.9/region?application=axeAPI","<div class=""u_1347009060 dmRespCol small-12 large-11 medium-11"" id=""1347009060"">","#\31 347009060","https://www.dcprentals.com/pennsylvania-properties"
"region","moderate","Ensures all page content is contained by landmarks","All page content should be contained by landmarks","https://dequeuniversity.com/rules/axe/4.9/region?application=axeAPI","<div class=""u_1176381927 dmRespCol small-12 large-5 medium-5"" id=""1176381927"">","#\31 176381927","https://www.dcprentals.com/pennsylvania-properties"
"region","moderate","Ensures all page content is contained by landmarks","All page content should be contained by landmarks","https://dequeuniversity.com/rules/axe/4.9/region?application=axeAPI","<div class=""dmRespRow u_1087592310"" id=""1087592310"">","#\31 087592310","https://www.dcprentals.com/pennsylvania-properties"
"region","moderate","Ensures all page content is contained by landmarks","All page content should be contained by landmarks","https://dequeuniversity.com/rules/axe/4.9/region?application=axeAPI","<div class=""dmRespRow u_1704366881"" style=""text-align: center;"" id=""1704366881"">","#\31 704366881","https://www.dcprentals.com/pennsylvania-properties"
"region","moderate","Ensures all page content is contained by landmarks","All page content should be contained by landmarks","https://dequeuniversity.com/rules/axe/4.9/region?application=axeAPI","<div id=""dmPopup"" class=""dmPopup"">
	<div class=""dmPopupCloseWrapper""> <div class=""dmPopupClose dm-common-icons-close oneIcon"" onclick=""dmHidePopup(event);"" tabindex=""0""></div> </div>
 	<div class=""dmPopupTitle""> <span></span> Share by:</div> 
	<div class=""data""></div>
</div>","#dmPopup","https://www.dcprentals.com/pennsylvania-properties"
"heading-order","moderate","Ensures the order of headings is semantically correct","Heading levels should only increase by one","https://dequeuniversity.com/rules/axe/4.9/heading-order?application=axeAPI","<div class=""navFooterColHead"" role=""heading"" aria-level=""6"">Get to Know Us</div>",".navFooterLinkCol.navAccessibility:nth-child(1) > .navFooterColHead[role=""heading""][aria-level=""6""]","https://www.amazon.com/"
"image-redundant-alt","minor","Ensure image alternative is not repeated as text","Alternative text of images should not be repeated as text","https://dequeuniversity.com/rules/axe/4.9/image-redundant-alt?application=axeAPI","<img alt=""Headsets"" src=""https://images-na.ssl-images-amazon.com/images/G/01/AmazonExports/Fuji/2021/June/Fuji_Quad_Headset_1x._SY116_CB667159060_.jpg"" class=""_fluid-quad-image-label-v2_style_fluidLandscapeImage__2euAK _fluid-quad-image-label-v2_style_fluidImage__gTBjA"" data-a-hires=""https://images-na.ssl-images-amazon.com/images/G/01/AmazonExports/Fuji/2021/June/Fuji_Quad_Headset_2x._SY232_CB667159060_.jpg"">","img[alt=""Headsets""]","https://www.amazon.com/"
"image-redundant-alt","minor","Ensure image alternative is not repeated as text","Alternative text of images should not be repeated as text","https://dequeuniversity.com/rules/axe/4.9/image-redundant-alt?application=axeAPI","<img alt=""Keyboards"" src=""https://images-na.ssl-images-amazon.com/images/G/01/AmazonExports/Fuji/2021/June/Fuji_Quad_Keyboard_1x._SY116_CB667159063_.jpg"" class=""_fluid-quad-image-label-v2_style_fluidLandscapeImage__2euAK _fluid-quad-image-label-v2_style_fluidImage__gTBjA"" data-a-hires=""https://images-na.ssl-images-amazon.com/images/G/01/AmazonExports/Fuji/2021/June/Fuji_Quad_Keyboard_2x._SY232_CB667159063_.jpg"">","img[alt=""Keyboards""]","https://www.amazon.com/"
"image-redundant-alt","minor","Ensure image alternative is not repeated as text","Alternative text of images should not be repeated as text","https://dequeuniversity.com/rules/axe/4.9/image-redundant-alt?application=axeAPI","<img alt=""Computer mice"" src=""https://images-na.ssl-images-amazon.com/images/G/01/AmazonExports/Fuji/2021/June/Fuji_Quad_Mouse_1x._SY116_CB667159063_.jpg"" class=""_fluid-quad-image-label-v2_style_fluidLandscapeImage__2euAK _fluid-quad-image-label-v2_style_fluidImage__gTBjA"" data-a-hires=""https://images-na.ssl-images-amazon.com/images/G/01/AmazonExports/Fuji/2021/June/Fuji_Quad_Mouse_2x._SY232_CB667159063_.jpg"">","img[alt=""Computer mice""]","https://www.amazon.com/"
"image-redundant-alt","minor","Ensure image alternative is not repeated as text","Alternative text of images should not be repeated as text","https://dequeuniversity.com/rules/axe/4.9/image-redundant-alt?application=axeAPI","<img alt=""Chairs"" src=""https://images-na.ssl-images-amazon.com/images/G/01/AmazonExports/Fuji/2021/June/Fuji_Quad_Chair_1x._SY116_CB667159060_.jpg"" class=""_fluid-quad-image-label-v2_style_fluidLandscapeImage__2euAK _fluid-quad-image-label-v2_style_fluidImage__gTBjA"" data-a-hires=""https://images-na.ssl-images-amazon.com/images/G/01/AmazonExports/Fuji/2021/June/Fuji_Quad_Chair_2x._SY232_CB667159060_.jpg"">","img[alt=""Chairs""]","https://www.amazon.com/"
"image-redundant-alt","minor","Ensure image alternative is not repeated as text","Alternative text of images should not be repeated as text","https://dequeuniversity.com/rules/axe/4.9/image-redundant-alt?application=axeAPI","<img alt=""Dining"" src=""https://images-na.ssl-images-amazon.com/images/G/01/launchpad/2023/Gateway/January/DesktopQuadCat_186x116_LP-HP_B08MYX5Q2W_01.23._SY116_CB619238939_.jpg"" class=""_fluid-quad-image-label-v2_style_fluidLandscapeImage__2euAK _fluid-quad-image-label-v2_style_fluidImage__gTBjA"" data-a-hires=""https://images-na.ssl-images-amazon.com/images/G/01/launchpad/2023/Gateway/January/DesktopQuadCat_372x232_LP-HP_B08MYX5Q2W_01.23._SY232_CB619238939_.jpg"">","img[alt=""Dining""]","https://www.amazon.com/"
"image-redundant-alt","minor","Ensure image alternative is not repeated as text","Alternative text of images should not be repeated as text","https://dequeuniversity.com/rules/axe/4.9/image-redundant-alt?application=axeAPI","<img alt=""Home"" src=""https://images-na.ssl-images-amazon.com/images/G/01/launchpad/2023/Gateway/January/DesktopQuadCat_186x116_home_B08RCCP3HV_01.23._SY116_CB619238939_.jpg"" class=""_fluid-quad-image-label-v2_style_fluidLandscapeImage__2euAK _fluid-quad-image-label-v2_style_fluidImage__gTBjA"" data-a-hires=""https://images-na.ssl-images-amazon.com/images/G/01/launchpad/2023/Gateway/January/DesktopQuadCat_372x232_home_B08RCCP3HV_01.23._SY232_CB619238939_.jpg"">","img[alt=""Home""]","https://www.amazon.com/"
"image-redundant-alt","minor","Ensure image alternative is not repeated as text","Alternative text of images should not be repeated as text","https://dequeuniversity.com/rules/axe/4.9/image-redundant-alt?application=axeAPI","<img alt=""Kitchen"" src=""https://images-na.ssl-images-amazon.com/images/G/01/launchpad/2023/Gateway/January/DesktopQuadCat_186x116_kitchen_B0126LMDFK_01.23._SY116_CB619238939_.jpg"" class=""_fluid-quad-image-label-v2_style_fluidLandscapeImage__2euAK _fluid-quad-image-label-v2_style_fluidImage__gTBjA"" data-a-hires=""https://images-na.ssl-images-amazon.com/images/G/01/launchpad/2023/Gateway/January/DesktopQuadCat_372x232_kitchen_B0126LMDFK_01.23._SY232_CB619238939_.jpg"">","img[alt=""Kitchen""]","https://www.amazon.com/"
"image-redundant-alt","minor","Ensure image alternative is not repeated as text","Alternative text of images should not be repeated as text","https://dequeuniversity.com/rules/axe/4.9/image-redundant-alt?application=axeAPI","<img alt=""Health and Beauty"" src=""https://images-na.ssl-images-amazon.com/images/G/01/launchpad/2023/Gateway/January/DesktopQuadCat_186x116_health-beauty_B07662GN57_01.23._SY116_CB619238939_.jpg"" class=""_fluid-quad-image-label-v2_style_fluidLandscapeImage__2euAK _fluid-quad-image-label-v2_style_fluidImage__gTBjA"" data-a-hires=""https://images-na.ssl-images-amazon.com/images/G/01/launchpad/2023/Gateway/January/DesktopQuadCat_372x232_health-beauty_B07662GN57_01.23._SY232_CB619238939_.jpg"">","img[alt=""Health and Beauty""]","https://www.amazon.com/"
"image-redundant-alt","minor","Ensure image alternative is not repeated as text","Alternative text of images should not be repeated as text","https://dequeuniversity.com/rules/axe/4.9/image-redundant-alt?application=axeAPI","<img alt=""Jeans under $50"" src=""https://images-na.ssl-images-amazon.com/images/G/01/AMAZON_FASHION/2022/SITE_FLIPS/SPR_22/GW/DQC/DQC_APR_TBYB_W_BOTTOMS_1x._SY116_CB624172947_.jpg"" class=""_fluid-quad-image-label-v2_style_fluidLandscapeImage__2euAK _fluid-quad-image-label-v2_style_fluidImage__gTBjA"" data-a-hires=""https://images-na.ssl-images-amazon.com/images/G/01/AMAZON_FASHION/2022/SITE_FLIPS/SPR_22/GW/DQC/DQC_APR_TBYB_W_BOTTOMS_2x._SY232_CB624172947_.jpg"">","img[alt=""Jeans under $50""]","https://www.amazon.com/"
"image-redundant-alt","minor","Ensure image alternative is not repeated as text","Alternative text of images should not be repeated as text","https://dequeuniversity.com/rules/axe/4.9/image-redundant-alt?application=axeAPI","<img alt=""Tops under $25"" src=""https://images-na.ssl-images-amazon.com/images/G/01/AMAZON_FASHION/2022/SITE_FLIPS/SPR_22/GW/DQC/DQC_APR_TBYB_W_TOPS_1x._SY116_CB623353881_.jpg"" class=""_fluid-quad-image-label-v2_style_fluidLandscapeImage__2euAK _fluid-quad-image-label-v2_style_fluidImage__gTBjA"" data-a-hires=""https://images-na.ssl-images-amazon.com/images/G/01/AMAZON_FASHION/2022/SITE_FLIPS/SPR_22/GW/DQC/DQC_APR_TBYB_W_TOPS_2x._SY232_CB623353881_.jpg"">","img[alt=""Tops under $25""]","https://www.amazon.com/"
"image-redundant-alt","minor","Ensure image alternative is not repeated as text","Alternative text of images should not be repeated as text","https://dequeuniversity.com/rules/axe/4.9/image-redundant-alt?application=axeAPI","<img alt=""Dresses under $30"" src=""https://images-na.ssl-images-amazon.com/images/G/01/AMAZON_FASHION/2022/SITE_FLIPS/SPR_22/GW/DQC/DQC_APR_TBYB_W_DRESSES_1x._SY116_CB623353881_.jpg"" class=""_fluid-quad-image-label-v2_style_fluidLandscapeImage__2euAK _fluid-quad-image-label-v2_style_fluidImage__gTBjA"" data-a-hires=""https://images-na.ssl-images-amazon.com/images/G/01/AMAZON_FASHION/2022/SITE_FLIPS/SPR_22/GW/DQC/DQC_APR_TBYB_W_DRESSES_2x._SY232_CB623353881_.jpg"">","img[alt=""Dresses under $30""]","https://www.amazon.com/"
"image-redundant-alt","minor","Ensure image alternative is not repeated as text","Alternative text of images should not be repeated as text","https://dequeuniversity.com/rules/axe/4.9/image-redundant-alt?application=axeAPI","<img alt=""Shoes under $50"" src=""https://images-na.ssl-images-amazon.com/images/G/01/AMAZON_FASHION/2022/SITE_FLIPS/SPR_22/GW/DQC/DQC_APR_TBYB_W_SHOES_1x._SY116_CB624172947_.jpg"" class=""_fluid-quad-image-label-v2_style_fluidLandscapeImage__2euAK _fluid-quad-image-label-v2_style_fluidImage__gTBjA"" data-a-hires=""https://images-na.ssl-images-amazon.com/images/G/01/AMAZON_FASHION/2022/SITE_FLIPS/SPR_22/GW/DQC/DQC_APR_TBYB_W_SHOES_2x._SY232_CB624172947_.jpg"">","img[alt=""Shoes under $50""]","https://www.amazon.com/"
"image-redundant-alt","minor","Ensure image alternative is not repeated as text","Alternative text of images should not be repeated as text","https://dequeuniversity.com/rules/axe/4.9/image-redundant-alt?application=axeAPI","<img alt=""Smartphones"" src=""https://m.media-amazon.com/images/I/41aF1Kpc1iL._SY160_.jpg"" class=""_quad-category-card_style_fluidLandscapeImage__3eTVC 
 _quad-category-card_style_fluidImage__iJ3aE"" data-a-hires=""https://m.media-amazon.com/images/I/41aF1Kpc1iL._SY320_.jpg"">","img[alt=""Smartphones""]","https://www.amazon.com/"
"image-redundant-alt","minor","Ensure image alternative is not repeated as text","Alternative text of images should not be repeated as text","https://dequeuniversity.com/rules/axe/4.9/image-redundant-alt?application=axeAPI","<img alt=""Tablets"" src=""https://m.media-amazon.com/images/I/316r7290SLL._SY75_.jpg"" class=""_quad-category-card_style_fluidLandscapeImage__3eTVC 
 _quad-category-card_style_fluidImage__iJ3aE"" data-a-hires=""https://m.media-amazon.com/images/I/316r7290SLL._SY150_.jpg"">","img[alt=""Tablets""]","https://www.amazon.com/"
"image-redundant-alt","minor","Ensure image alternative is not repeated as text","Alternative text of images should not be repeated as text","https://dequeuniversity.com/rules/axe/4.9/image-redundant-alt?application=axeAPI","<img alt=""Laptops"" src=""https://m.media-amazon.com/images/I/31qcGgiIK7L._SY75_.jpg"" class=""_quad-category-card_style_fluidLandscapeImage__3eTVC 
 _quad-category-card_style_fluidImage__iJ3aE"" data-a-hires=""https://m.media-amazon.com/images/I/31qcGgiIK7L._SY150_.jpg"">","._quad-category-card_style_fluidLandscapeImage__3eTVC._quad-category-card_style_fluidImage__iJ3aE[alt=""Laptops""]","https://www.amazon.com/"
"image-redundant-alt","minor","Ensure image alternative is not repeated as text","Alternative text of images should not be repeated as text","https://dequeuniversity.com/rules/axe/4.9/image-redundant-alt?application=axeAPI","<img alt=""TVs"" src=""https://m.media-amazon.com/images/I/313zteqI9LL._SY75_.jpg"" class=""_quad-category-card_style_fluidLandscapeImage__3eTVC 
 _quad-category-card_style_fluidImage__iJ3aE"" data-a-hires=""https://m.media-amazon.com/images/I/313zteqI9LL._SY150_.jpg"">","img[alt=""TVs""]","https://www.amazon.com/"
"image-redundant-alt","minor","Ensure image alternative is not repeated as text","Alternative text of images should not be repeated as text","https://dequeuniversity.com/rules/axe/4.9/image-redundant-alt?application=axeAPI","<img alt=""Tech"" src=""https://images-na.ssl-images-amazon.com/images/G/01/DiscoTec/2024/1H/FDAY/GW/QuadCard/FD_2024_304_GW_DesktopQuadCard_Deals_186x116_1x._SY116_CB582858223_.jpg"" class=""_fluid-quad-image-label-v2_style_fluidLandscapeImage__2euAK _fluid-quad-image-label-v2_style_fluidImage__gTBjA"" data-a-hires=""https://images-na.ssl-images-amazon.com/images/G/01/DiscoTec/2024/1H/FDAY/GW/QuadCard/FD_2024_304_GW_DesktopQuadCard_Deals_372x232_2x._SY232_CB582858223_.jpg"">","img[alt=""Tech""]","https://www.amazon.com/"
"image-redundant-alt","minor","Ensure image alternative is not repeated as text","Alternative text of images should not be repeated as text","https://dequeuniversity.com/rules/axe/4.9/image-redundant-alt?application=axeAPI","<img alt=""Adventure gear"" src=""https://images-na.ssl-images-amazon.com/images/G/01/DiscoTec/2024/1H/FDAY/GW/QuadCard/FD_2024_306_GW_DesktopQuadCard_Deals_186x116_1x._SY116_CB582858223_.jpg"" class=""_fluid-quad-image-label-v2_style_fluidLandscapeImage__2euAK _fluid-quad-image-label-v2_style_fluidImage__gTBjA"" data-a-hires=""https://images-na.ssl-images-amazon.com/images/G/01/DiscoTec/2024/1H/FDAY/GW/QuadCard/FD_2024_306_GW_DesktopQuadCard_Deals_372x232_2x._SY232_CB582858223_.jpg"">","img[alt=""Adventure gear""]","https://www.amazon.com/"
"image-redundant-alt","minor","Ensure image alternative is not repeated as text","Alternative text of images should not be repeated as text","https://dequeuniversity.com/rules/axe/4.9/image-redundant-alt?application=axeAPI","<img alt=""Unique finds"" src=""https://images-na.ssl-images-amazon.com/images/G/01/DiscoTec/2024/1H/FDAY/GW/QuadCard/FD_2024_307_GW_DesktopQuadCard_Deals_186x116_1x._SY116_CB582858223_.jpg"" class=""_fluid-quad-image-label-v2_style_fluidLandscapeImage__2euAK _fluid-quad-image-label-v2_style_fluidImage__gTBjA"" data-a-hires=""https://images-na.ssl-images-amazon.com/images/G/01/DiscoTec/2024/1H/FDAY/GW/QuadCard/FD_2024_307_GW_DesktopQuadCard_Deals_372x232_2x._SY232_CB582858223_.jpg"">","img[alt=""Unique finds""]","https://www.amazon.com/"
"image-redundant-alt","minor","Ensure image alternative is not repeated as text","Alternative text of images should not be repeated as text","https://dequeuniversity.com/rules/axe/4.9/image-redundant-alt?application=axeAPI","<img alt=""Health &amp; wellness"" src=""https://images-na.ssl-images-amazon.com/images/G/01/DiscoTec/2024/1H/FDAY/GW/QuadCard/FD_2024_305_GW_DesktopQuadCard_Deals_186x116_1x._SY116_CB582858223_.jpg"" class=""_fluid-quad-image-label-v2_style_fluidLandscapeImage__2euAK _fluid-quad-image-label-v2_style_fluidImage__gTBjA"" data-a-hires=""https://images-na.ssl-images-amazon.com/images/G/01/DiscoTec/2024/1H/FDAY/GW/QuadCard/FD_2024_305_GW_DesktopQuadCard_Deals_372x232_2x._SY232_CB582858223_.jpg"">","img[alt=""Health & wellness""]","https://www.amazon.com/"
"image-redundant-alt","minor","Ensure image alternative is not repeated as text","Alternative text of images should not be repeated as text","https://dequeuniversity.com/rules/axe/4.9/image-redundant-alt?application=axeAPI","<img alt=""Dresses"" src=""https://images-na.ssl-images-amazon.com/images/G/01/AMAZON_FASHION/2023/LuxuryStores/Spring-23/GW/Quad_Cards/Spring/LSS23_SPRING_DT_CAT_CARD_2_x1._SY116_CB595261253_.jpg"" class=""_fluid-quad-image-label-v2_style_fluidLandscapeImage__2euAK _fluid-quad-image-label-v2_style_fluidImage__gTBjA"" data-a-hires=""https://images-na.ssl-images-amazon.com/images/G/01/AMAZON_FASHION/2023/LuxuryStores/Spring-23/GW/Quad_Cards/Spring/LSS23_SPRING_DT_CAT_CARD_2_x2._SY232_CB595261253_.jpg"">","img[alt=""Dresses""]","https://www.amazon.com/"
"image-redundant-alt","minor","Ensure image alternative is not repeated as text","Alternative text of images should not be repeated as text","https://dequeuniversity.com/rules/axe/4.9/image-redundant-alt?application=axeAPI","<img alt=""Knits"" src=""https://images-na.ssl-images-amazon.com/images/G/01/AMAZON_FASHION/2023/LuxuryStores/Spring-23/GW/Quad_Cards/Spring/LSS23_SPRING_DT_CAT_CARD_3_x1._SY116_CB595261253_.jpg"" class=""_fluid-quad-image-label-v2_style_fluidLandscapeImage__2euAK _fluid-quad-image-label-v2_style_fluidImage__gTBjA"" data-a-hires=""https://images-na.ssl-images-amazon.com/images/G/01/AMAZON_FASHION/2023/LuxuryStores/Spring-23/GW/Quad_Cards/Spring/LSS23_SPRING_DT_CAT_CARD_3_x2._SY232_CB595261253_.jpg"">","img[alt=""Knits""]","https://www.amazon.com/"
"image-redundant-alt","minor","Ensure image alternative is not repeated as text","Alternative text of images should not be repeated as text","https://dequeuniversity.com/rules/axe/4.9/image-redundant-alt?application=axeAPI","<img alt=""Jackets"" src=""https://images-na.ssl-images-amazon.com/images/G/01/AMAZON_FASHION/2023/LuxuryStores/Spring-23/GW/Quad_Cards/Spring/LSS23_SPRING_DT_CAT_CARD_1_x1._SY116_CB595261253_.jpg"" class=""_fluid-quad-image-label-v2_style_fluidLandscapeImage__2euAK _fluid-quad-image-label-v2_style_fluidImage__gTBjA"" data-a-hires=""https://images-na.ssl-images-amazon.com/images/G/01/AMAZON_FASHION/2023/LuxuryStores/Spring-23/GW/Quad_Cards/Spring/LSS23_SPRING_DT_CAT_CARD_1_x2._SY232_CB595261253_.jpg"">","img[alt=""Jackets""]","https://www.amazon.com/"
"image-redundant-alt","minor","Ensure image alternative is not repeated as text","Alternative text of images should not be repeated as text","https://dequeuniversity.com/rules/axe/4.9/image-redundant-alt?application=axeAPI","<img alt=""Jewelry"" src=""https://images-na.ssl-images-amazon.com/images/G/01/AMAZON_FASHION/2023/LuxuryStores/Spring-23/GW/Quad_Cards/Spring/LSS23_SPRING_DT_CAT_CARD_4_x1._SY116_CB595261253_.jpg"" class=""_fluid-quad-image-label-v2_style_fluidLandscapeImage__2euAK _fluid-quad-image-label-v2_style_fluidImage__gTBjA"" data-a-hires=""https://images-na.ssl-images-amazon.com/images/G/01/AMAZON_FASHION/2023/LuxuryStores/Spring-23/GW/Quad_Cards/Spring/LSS23_SPRING_DT_CAT_CARD_4_x2._SY232_CB595261253_.jpg"">","img[alt=""Jewelry""]","https://www.amazon.com/"
"image-redundant-alt","minor","Ensure image alternative is not repeated as text","Alternative text of images should not be repeated as text","https://dequeuniversity.com/rules/axe/4.9/image-redundant-alt?application=axeAPI","<img alt=""Baskets &amp; hampers"" src=""https://images-na.ssl-images-amazon.com/images/G/01/img18/home/2023/Q2/Homepage/2023Q2_GW_EE_LaundryLuxe_D_Quad_186x116._SY116_CB594237035_.jpg"" class=""_fluid-quad-image-label-v2_style_fluidLandscapeImage__2euAK _fluid-quad-image-label-v2_style_fluidImage__gTBjA"" data-a-hires=""https://images-na.ssl-images-amazon.com/images/G/01/img18/home/2023/Q2/Homepage/2023Q2_GW_EE_LaundryLuxe_D_Quad_372x232._SY232_CB594237035_.jpg"">","img[alt=""Baskets & hampers""]","https://www.amazon.com/"
"image-redundant-alt","minor","Ensure image alternative is not repeated as text","Alternative text of images should not be repeated as text","https://dequeuniversity.com/rules/axe/4.9/image-redundant-alt?application=axeAPI","<img alt=""Hardware"" src=""https://images-na.ssl-images-amazon.com/images/G/01/img18/home/2023/Q2/Homepage/2023Q2_GW_EE_Kitchen_D_Quad_186x116._SY116_CB594237035_.jpg"" class=""_fluid-quad-image-label-v2_style_fluidLandscapeImage__2euAK _fluid-quad-image-label-v2_style_fluidImage__gTBjA"" data-a-hires=""https://images-na.ssl-images-amazon.com/images/G/01/img18/home/2023/Q2/Homepage/2023Q2_GW_EE_Kitchen_D_Quad_372x232._SY232_CB594237035_.jpg"">","img[alt=""Hardware""]","https://www.amazon.com/"
"image-redundant-alt","minor","Ensure image alternative is not repeated as text","Alternative text of images should not be repeated as text","https://dequeuniversity.com/rules/axe/4.9/image-redundant-alt?application=axeAPI","<img alt=""Accent furniture"" src=""https://images-na.ssl-images-amazon.com/images/G/01/img18/home/2023/Q2/Homepage/2023Q2_GW_EE_AccentFurniture_D_Quad_186x116._SY116_CB594237035_.jpg"" class=""_fluid-quad-image-label-v2_style_fluidLandscapeImage__2euAK _fluid-quad-image-label-v2_style_fluidImage__gTBjA"" data-a-hires=""https://images-na.ssl-images-amazon.com/images/G/01/img18/home/2023/Q2/Homepage/2023Q2_GW_EE_AccentFurniture_D_Quad_372x232._SY232_CB594237035_.jpg"">","img[alt=""Accent furniture""]","https://www.amazon.com/"
"image-redundant-alt","minor","Ensure image alternative is not repeated as text","Alternative text of images should not be repeated as text","https://dequeuniversity.com/rules/axe/4.9/image-redundant-alt?application=axeAPI","<img alt=""Wallpaper &amp; paint"" src=""https://images-na.ssl-images-amazon.com/images/G/01/img18/home/2023/Q2/Homepage/2023Q2_GW_EE_Hallway_D_Quad_186x116._SY116_CB594237035_.jpg"" class=""_fluid-quad-image-label-v2_style_fluidLandscapeImage__2euAK _fluid-quad-image-label-v2_style_fluidImage__gTBjA"" data-a-hires=""https://images-na.ssl-images-amazon.com/images/G/01/img18/home/2023/Q2/Homepage/2023Q2_GW_EE_Hallway_D_Quad_372x232._SY232_CB594237035_.jpg"">","img[alt=""Wallpaper & paint""]","https://www.amazon.com/"
"image-redundant-alt","minor","Ensure image alternative is not repeated as text","Alternative text of images should not be repeated as text","https://dequeuniversity.com/rules/axe/4.9/image-redundant-alt?application=axeAPI","<img alt=""Apparel"" src=""https://images-na.ssl-images-amazon.com/images/G/01/AmazonExports/Fuji/2021/June/Fuji_Quad_Apparel_1x._SY116_CB667159060_.jpg"" class=""_fluid-quad-image-label-v2_style_fluidLandscapeImage__2euAK _fluid-quad-image-label-v2_style_fluidImage__gTBjA"" data-a-hires=""https://images-na.ssl-images-amazon.com/images/G/01/AmazonExports/Fuji/2021/June/Fuji_Quad_Apparel_2x._SY232_CB667159060_.jpg"">","img[alt=""Apparel""]","https://www.amazon.com/"
"image-redundant-alt","minor","Ensure image alternative is not repeated as text","Alternative text of images should not be repeated as text","https://dequeuniversity.com/rules/axe/4.9/image-redundant-alt?application=axeAPI","<img alt=""Hats"" src=""https://images-na.ssl-images-amazon.com/images/G/01/AmazonExports/Fuji/2021/June/Fuji_Quad_Hat_1x._SY116_CB667159060_.jpg"" class=""_fluid-quad-image-label-v2_style_fluidLandscapeImage__2euAK _fluid-quad-image-label-v2_style_fluidImage__gTBjA"" data-a-hires=""https://images-na.ssl-images-amazon.com/images/G/01/AmazonExports/Fuji/2021/June/Fuji_Quad_Hat_2x._SY232_CB667159060_.jpg"">","img[alt=""Hats""]","https://www.amazon.com/"
"image-redundant-alt","minor","Ensure image alternative is not repeated as text","Alternative text of images should not be repeated as text","https://dequeuniversity.com/rules/axe/4.9/image-redundant-alt?application=axeAPI","<img alt=""Action figures"" src=""https://images-na.ssl-images-amazon.com/images/G/01/AmazonExports/Fuji/2021/June/Fuji_Quad_Figure_1x._SY116_CB667159060_.jpg"" class=""_fluid-quad-image-label-v2_style_fluidLandscapeImage__2euAK _fluid-quad-image-label-v2_style_fluidImage__gTBjA"" data-a-hires=""https://images-na.ssl-images-amazon.com/images/G/01/AmazonExports/Fuji/2021/June/Fuji_Quad_Figure_2x._SY232_CB667159060_.jpg"">","img[alt=""Action figures""]","https://www.amazon.com/"
"image-redundant-alt","minor","Ensure image alternative is not repeated as text","Alternative text of images should not be repeated as text","https://dequeuniversity.com/rules/axe/4.9/image-redundant-alt?application=axeAPI","<img alt=""Mugs"" src=""https://images-na.ssl-images-amazon.com/images/G/01/AmazonExports/Fuji/2021/June/Fuji_Quad_Mug_1x._SY116_CB667159063_.jpg"" class=""_fluid-quad-image-label-v2_style_fluidLandscapeImage__2euAK _fluid-quad-image-label-v2_style_fluidImage__gTBjA"" data-a-hires=""https://images-na.ssl-images-amazon.com/images/G/01/AmazonExports/Fuji/2021/June/Fuji_Quad_Mug_2x._SY232_CB667159063_.jpg"">","img[alt=""Mugs""]","https://www.amazon.com/"
"image-redundant-alt","minor","Ensure image alternative is not repeated as text","Alternative text of images should not be repeated as text","https://dequeuniversity.com/rules/axe/4.9/image-redundant-alt?application=axeAPI","<img alt=""Tech enthusiasts"" src=""https://images-na.ssl-images-amazon.com/images/G/01/DiscoTec/2024/1H/FDAY/GW/QuadCard/FD_2024_93_GW_DesktopQuadCard_Tech_Dad_186x116_1x._SY116_CB581184027_.jpg"" class=""_fluid-quad-image-label-v2_style_fluidLandscapeImage__2euAK _fluid-quad-image-label-v2_style_fluidImage__gTBjA"" data-a-hires=""https://images-na.ssl-images-amazon.com/images/G/01/DiscoTec/2024/1H/FDAY/GW/QuadCard/FD_2024_93_GW_DesktopQuadCard_Tech_Dad_372x232_2x._SY232_CB581184027_.jpg"">","img[alt=""Tech enthusiasts""]","https://www.amazon.com/"
"image-redundant-alt","minor","Ensure image alternative is not repeated as text","Alternative text of images should not be repeated as text","https://dequeuniversity.com/rules/axe/4.9/image-redundant-alt?application=axeAPI","<img alt=""Adventure seekers"" src=""https://images-na.ssl-images-amazon.com/images/G/01/DiscoTec/2024/1H/FDAY/GW/QuadCard/FD_2024_94_GW_DesktopQuadCard_Adventure_Dad_186x116_1x._SY116_CB582858223_.jpg"" class=""_fluid-quad-image-label-v2_style_fluidLandscapeImage__2euAK _fluid-quad-image-label-v2_style_fluidImage__gTBjA"" data-a-hires=""https://images-na.ssl-images-amazon.com/images/G/01/DiscoTec/2024/1H/FDAY/GW/QuadCard/FD_2024_94_GW_DesktopQuadCard_Adventure_Dad_372x232_2x._SY232_CB582858223_.jpg"">","img[alt=""Adventure seekers""]","https://www.amazon.com/"
"image-redundant-alt","minor","Ensure image alternative is not repeated as text","Alternative text of images should not be repeated as text","https://dequeuniversity.com/rules/axe/4.9/image-redundant-alt?application=axeAPI","<img alt=""Daily-routine dads"" src=""https://images-na.ssl-images-amazon.com/images/G/01/DiscoTec/2024/1H/FDAY/GW/QuadCard/FD_2024_95_GW_DesktopQuadCard_Hard_to_Shop_for_Dad_186x116_1x._SY116_CB582858223_.jpg"" class=""_fluid-quad-image-label-v2_style_fluidLandscapeImage__2euAK _fluid-quad-image-label-v2_style_fluidImage__gTBjA"" data-a-hires=""https://images-na.ssl-images-amazon.com/images/G/01/DiscoTec/2024/1H/FDAY/GW/QuadCard/FD_2024_95_GW_DesktopQuadCard_Hard_to_Shop_for_Dad_372x232_2x._SY232_CB582858223_.jpg"">","img[alt=""Daily-routine dads""]","https://www.amazon.com/"
"image-redundant-alt","minor","Ensure image alternative is not repeated as text","Alternative text of images should not be repeated as text","https://dequeuniversity.com/rules/axe/4.9/image-redundant-alt?application=axeAPI","<img alt=""Hard-to-gift dads"" src=""https://images-na.ssl-images-amazon.com/images/G/01/DiscoTec/2024/1H/FDAY/GW/QuadCard/FD_2024_96_GW_DesktopQuadCard_At_Home_Dad_186x116_1x._SY116_CB582858223_.jpg"" class=""_fluid-quad-image-label-v2_style_fluidLandscapeImage__2euAK _fluid-quad-image-label-v2_style_fluidImage__gTBjA"" data-a-hires=""https://images-na.ssl-images-amazon.com/images/G/01/DiscoTec/2024/1H/FDAY/GW/QuadCard/FD_2024_96_GW_DesktopQuadCard_At_Home_Dad_372x232_2x._SY232_CB582858223_.jpg"">","img[alt=""Hard-to-gift dads""]","https://www.amazon.com/"
"image-redundant-alt","minor","Ensure image alternative is not repeated as text","Alternative text of images should not be repeated as text","https://dequeuniversity.com/rules/axe/4.9/image-redundant-alt?application=axeAPI","<img alt=""Wreaths &amp; garlands"" src=""https://images-na.ssl-images-amazon.com/images/G/01/img22/Events/Fall23/FALL23_Oct_Wreaths_Decor_QuadCard_D_01_186x116._SY116_CB596234042_.jpg"" class=""_fluid-quad-image-label-v2_style_fluidLandscapeImage__2euAK _fluid-quad-image-label-v2_style_fluidImage__gTBjA"" data-a-hires=""https://images-na.ssl-images-amazon.com/images/G/01/img22/Events/Fall23/FALL23_Oct_Wreaths_Decor_QuadCard_D_01_372x232._SY232_CB596234042_.jpg"">","img[alt=""Wreaths & garlands""]","https://www.amazon.com/"
"image-redundant-alt","minor","Ensure image alternative is not repeated as text","Alternative text of images should not be repeated as text","https://dequeuniversity.com/rules/axe/4.9/image-redundant-alt?application=axeAPI","<img alt=""Outdoor decor"" src=""https://images-na.ssl-images-amazon.com/images/G/01/img22/Events/Fall23/FALL23_HP_Oct_Decor_QuadCard_D_03_186x116._SY116_CB596234042_.jpg"" class=""_fluid-quad-image-label-v2_style_fluidLandscapeImage__2euAK _fluid-quad-image-label-v2_style_fluidImage__gTBjA"" data-a-hires=""https://images-na.ssl-images-amazon.com/images/G/01/img22/Events/Fall23/FALL23_HP_Oct_Decor_QuadCard_D_03_372x232._SY232_CB596234042_.jpg"">","img[alt=""Outdoor decor""]","https://www.amazon.com/"
"image-redundant-alt","minor","Ensure image alternative is not repeated as text","Alternative text of images should not be repeated as text","https://dequeuniversity.com/rules/axe/4.9/image-redundant-alt?application=axeAPI","<img alt=""Pillows &amp; throws"" src=""https://images-na.ssl-images-amazon.com/images/G/01/img22/Events/Fall23/FALL23_Oct_Pillows_Decor_QuadCard_D_02_186x116._SY116_CB596234042_.jpg"" class=""_fluid-quad-image-label-v2_style_fluidLandscapeImage__2euAK _fluid-quad-image-label-v2_style_fluidImage__gTBjA"" data-a-hires=""https://images-na.ssl-images-amazon.com/images/G/01/img22/Events/Fall23/FALL23_Oct_Pillows_Decor_QuadCard_D_02_372x232._SY232_CB596234042_.jpg"">","img[alt=""Pillows & throws""]","https://www.amazon.com/"
"image-redundant-alt","minor","Ensure image alternative is not repeated as text","Alternative text of images should not be repeated as text","https://dequeuniversity.com/rules/axe/4.9/image-redundant-alt?application=axeAPI","<img alt=""Wall art &amp; mirrors"" src=""https://images-na.ssl-images-amazon.com/images/G/01/img22/Events/Fall23/FALL23_HP_Oct_Decor_QuadCard_D_04_186x116._SY116_CB596234042_.jpg"" class=""_fluid-quad-image-label-v2_style_fluidLandscapeImage__2euAK _fluid-quad-image-label-v2_style_fluidImage__gTBjA"" data-a-hires=""https://images-na.ssl-images-amazon.com/images/G/01/img22/Events/Fall23/FALL23_HP_Oct_Decor_QuadCard_D_04_372x232._SY232_CB596234042_.jpg"">","img[alt=""Wall art & mirrors""]","https://www.amazon.com/"
"image-redundant-alt","minor","Ensure image alternative is not repeated as text","Alternative text of images should not be repeated as text","https://dequeuniversity.com/rules/axe/4.9/image-redundant-alt?application=axeAPI","<img alt=""Outdoor Play Sets"" src=""https://images-na.ssl-images-amazon.com/images/G/01/AmazonExports/Events/2024/DskBTFQuadCards/Fuji_BTF_Quad_Cards_1x_Playground_sets._SY116_CB558654384_.jpg"" class=""_fluid-quad-image-label-v2_style_fluidLandscapeImage__2euAK _fluid-quad-image-label-v2_style_fluidImage__gTBjA"" data-a-hires=""https://images-na.ssl-images-amazon.com/images/G/01/AmazonExports/Events/2024/DskBTFQuadCards/Fuji_BTF_Quad_Cards_2x_Playground_sets._SY232_CB558654384_.jpg"">","img[alt=""Outdoor Play Sets""]","https://www.amazon.com/"
"image-redundant-alt","minor","Ensure image alternative is not repeated as text","Alternative text of images should not be repeated as text","https://dequeuniversity.com/rules/axe/4.9/image-redundant-alt?application=axeAPI","<img alt=""Learning Toys"" src=""https://images-na.ssl-images-amazon.com/images/G/01/AmazonExports/Events/2024/DskBTFQuadCards/Fuji_BTF_Quad_Cards_1x_STEM_toys_or_learning_toys._SY116_CB558654384_.jpg"" class=""_fluid-quad-image-label-v2_style_fluidLandscapeImage__2euAK _fluid-quad-image-label-v2_style_fluidImage__gTBjA"" data-a-hires=""https://images-na.ssl-images-amazon.com/images/G/01/AmazonExports/Events/2024/DskBTFQuadCards/Fuji_BTF_Quad_Cards_2x_STEM_toys_or_learning_toys._SY232_CB558654384_.jpg"">","img[alt=""Learning Toys""]","https://www.amazon.com/"
"image-redundant-alt","minor","Ensure image alternative is not repeated as text","Alternative text of images should not be repeated as text","https://dequeuniversity.com/rules/axe/4.9/image-redundant-alt?application=axeAPI","<img alt=""Action Figures"" src=""https://images-na.ssl-images-amazon.com/images/G/01/AmazonExports/Events/2024/DskBTFQuadCards/Fuji_BTF_Quad_Cards_1x_Action_figure._SY116_CB558654384_.jpg"" class=""_fluid-quad-image-label-v2_style_fluidLandscapeImage__2euAK _fluid-quad-image-label-v2_style_fluidImage__gTBjA"" data-a-hires=""https://images-na.ssl-images-amazon.com/images/G/01/AmazonExports/Events/2024/DskBTFQuadCards/Fuji_BTF_Quad_Cards_2x_Action_figure._SY232_CB558654384_.jpg"">","img[alt=""Action Figures""]","https://www.amazon.com/"
"image-redundant-alt","minor","Ensure image alternative is not repeated as text","Alternative text of images should not be repeated as text","https://dequeuniversity.com/rules/axe/4.9/image-redundant-alt?application=axeAPI","<img alt=""Pretend Play Toys"" src=""https://images-na.ssl-images-amazon.com/images/G/01/AmazonExports/Events/2024/DskBTFQuadCards/Fuji_BTF_Quad_Cards_1x_Pretend_Play_Toys._SY116_CB558654384_.jpg"" class=""_fluid-quad-image-label-v2_style_fluidLandscapeImage__2euAK _fluid-quad-image-label-v2_style_fluidImage__gTBjA"" data-a-hires=""https://images-na.ssl-images-amazon.com/images/G/01/AmazonExports/Events/2024/DskBTFQuadCards/Fuji_BTF_Quad_Cards_2x_Pretend_Play_Toys._SY232_CB558654384_.jpg"">","img[alt=""Pretend Play Toys""]","https://www.amazon.com/"
"image-redundant-alt","minor","Ensure image alternative is not repeated as text","Alternative text of images should not be repeated as text","https://dequeuniversity.com/rules/axe/4.9/image-redundant-alt?application=axeAPI","<img alt=""PC gaming"" src=""https://images-na.ssl-images-amazon.com/images/G/01/DiscoTec/2024/CE/GamingWeek24/Homepage/DQC/CE24_SUM_GW_DQC_NW_GamingWeek_PC_v2_1x._SY116_CB558844445_.jpg"" class=""_fluid-quad-image-label-v2_style_fluidLandscapeImage__2euAK _fluid-quad-image-label-v2_style_fluidImage__gTBjA"" data-a-hires=""https://images-na.ssl-images-amazon.com/images/G/01/DiscoTec/2024/CE/GamingWeek24/Homepage/DQC/CE24_SUM_GW_DQC_NW_GamingWeek_PC_v2_2x._SY232_CB558844445_.jpg"">","img[alt=""PC gaming""]","https://www.amazon.com/"
"image-redundant-alt","minor","Ensure image alternative is not repeated as text","Alternative text of images should not be repeated as text","https://dequeuniversity.com/rules/axe/4.9/image-redundant-alt?application=axeAPI","<img alt=""Xbox"" src=""https://images-na.ssl-images-amazon.com/images/G/01/DiscoTec/2024/CE/GamingWeek24/Homepage/DQC/CE24_SUM_GW_DQC_NE_GamingWeek_Xbox_v2_1x._SY116_CB558844445_.jpg"" class=""_fluid-quad-image-label-v2_style_fluidLandscapeImage__2euAK _fluid-quad-image-label-v2_style_fluidImage__gTBjA"" data-a-hires=""https://images-na.ssl-images-amazon.com/images/G/01/DiscoTec/2024/CE/GamingWeek24/Homepage/DQC/CE24_SUM_GW_DQC_NE_GamingWeek_Xbox_v2_2x._SY232_CB558844445_.jpg"">","img[alt=""Xbox""]","https://www.amazon.com/"
"image-redundant-alt","minor","Ensure image alternative is not repeated as text","Alternative text of images should not be repeated as text","https://dequeuniversity.com/rules/axe/4.9/image-redundant-alt?application=axeAPI","<img alt=""PlayStation"" src=""https://images-na.ssl-images-amazon.com/images/G/01/DiscoTec/2024/CE/GamingWeek24/Homepage/DQC/CE24_SUM_GW_DQC_SW_GamingWeek_Sony_v2_1x._SY116_CB558844445_.jpg"" class=""_fluid-quad-image-label-v2_style_fluidLandscapeImage__2euAK _fluid-quad-image-label-v2_style_fluidImage__gTBjA"" data-a-hires=""https://images-na.ssl-images-amazon.com/images/G/01/DiscoTec/2024/CE/GamingWeek24/Homepage/DQC/CE24_SUM_GW_DQC_SW_GamingWeek_Sony_v2_2x._SY232_CB558844445_.jpg"">","img[alt=""PlayStation""]","https://www.amazon.com/"
"image-redundant-alt","minor","Ensure image alternative is not repeated as text","Alternative text of images should not be repeated as text","https://dequeuniversity.com/rules/axe/4.9/image-redundant-alt?application=axeAPI","<img alt=""Nintendo Switch"" src=""https://images-na.ssl-images-amazon.com/images/G/01/DiscoTec/2024/CE/GamingWeek24/Homepage/DQC/CE24_SUM_GW_DQC_SE_GamingWeek_Nintendo_v2_1x._SY116_CB558844445_.jpg"" class=""_fluid-quad-image-label-v2_style_fluidLandscapeImage__2euAK _fluid-quad-image-label-v2_style_fluidImage__gTBjA"" data-a-hires=""https://images-na.ssl-images-amazon.com/images/G/01/DiscoTec/2024/CE/GamingWeek24/Homepage/DQC/CE24_SUM_GW_DQC_SE_GamingWeek_Nintendo_v2_2x._SY232_CB558844445_.jpg"">","img[alt=""Nintendo Switch""]","https://www.amazon.com/"
"image-redundant-alt","minor","Ensure image alternative is not repeated as text","Alternative text of images should not be repeated as text","https://dequeuniversity.com/rules/axe/4.9/image-redundant-alt?application=axeAPI","<img alt=""Candles"" src=""https://images-na.ssl-images-amazon.com/images/G/01/AmazonExports/GWRefresh/MobileBTF/QC6/2024_QuadCard_Candles_186x116._SY116_CB557718780_.jpg"" class=""_fluid-quad-image-label-v2_style_fluidLandscapeImage__2euAK _fluid-quad-image-label-v2_style_fluidImage__gTBjA"" data-a-hires=""https://images-na.ssl-images-amazon.com/images/G/01/AmazonExports/GWRefresh/MobileBTF/QC6/2024_QuadCard_Candles_372x232._SY232_CB557718780_.jpg"">","img[alt=""Candles""]","https://www.amazon.com/"
"image-redundant-alt","minor","Ensure image alternative is not repeated as text","Alternative text of images should not be repeated as text","https://dequeuniversity.com/rules/axe/4.9/image-redundant-alt?application=axeAPI","<img alt=""Stylish pillows"" src=""https://images-na.ssl-images-amazon.com/images/G/01/AmazonExports/GWRefresh/MobileBTF/QC6/2024_QuadCard_Pillows_186x116._SY116_CB557731121_.jpg"" class=""_fluid-quad-image-label-v2_style_fluidLandscapeImage__2euAK _fluid-quad-image-label-v2_style_fluidImage__gTBjA"" data-a-hires=""https://images-na.ssl-images-amazon.com/images/G/01/AmazonExports/GWRefresh/MobileBTF/QC6/2024_QuadCard_Pillows_372x232._SY232_CB557731121_.jpg"">","img[alt=""Stylish pillows""]","https://www.amazon.com/"
"image-redundant-alt","minor","Ensure image alternative is not repeated as text","Alternative text of images should not be repeated as text","https://dequeuniversity.com/rules/axe/4.9/image-redundant-alt?application=axeAPI","<img alt=""Indoor gardening"" src=""https://images-na.ssl-images-amazon.com/images/G/01/AmazonExports/GWRefresh/MobileBTF/QC6/2024_QuadCard_IndoorGardening_186x116._SY116_CB557731121_.jpg"" class=""_fluid-quad-image-label-v2_style_fluidLandscapeImage__2euAK _fluid-quad-image-label-v2_style_fluidImage__gTBjA"" data-a-hires=""https://images-na.ssl-images-amazon.com/images/G/01/AmazonExports/GWRefresh/MobileBTF/QC6/2024_QuadCard_IndoorGardening_372x232._SY232_CB557731121_.jpg"">","img[alt=""Indoor gardening""]","https://www.amazon.com/"
"image-redundant-alt","minor","Ensure image alternative is not repeated as text","Alternative text of images should not be repeated as text","https://dequeuniversity.com/rules/axe/4.9/image-redundant-alt?application=axeAPI","<img alt=""Desktops"" src=""https://images-na.ssl-images-amazon.com/images/G/01/AmazonExports/Events/2024/DskBTFQuadCards/Fuji_BTF_Quad_Cards_1x_Desktops._SY116_CB558654384_.jpg"" class=""_fluid-quad-image-label-v2_style_fluidLandscapeImage__2euAK _fluid-quad-image-label-v2_style_fluidImage__gTBjA"" data-a-hires=""https://images-na.ssl-images-amazon.com/images/G/01/AmazonExports/Events/2024/DskBTFQuadCards/Fuji_BTF_Quad_Cards_2x_Desktops._SY232_CB558654384_.jpg"">","img[alt=""Desktops""]","https://www.amazon.com/"
"image-redundant-alt","minor","Ensure image alternative is not repeated as text","Alternative text of images should not be repeated as text","https://dequeuniversity.com/rules/axe/4.9/image-redundant-alt?application=axeAPI","<img alt=""Laptops"" src=""https://images-na.ssl-images-amazon.com/images/G/01/AmazonExports/Events/2024/DskBTFQuadCards/Fuji_BTF_Quad_Cards_1x_laptop._SY116_CB558654384_.jpg"" class=""_fluid-quad-image-label-v2_style_fluidLandscapeImage__2euAK _fluid-quad-image-label-v2_style_fluidImage__gTBjA"" data-a-hires=""https://images-na.ssl-images-amazon.com/images/G/01/AmazonExports/Events/2024/DskBTFQuadCards/Fuji_BTF_Quad_Cards_2x_laptop._SY232_CB558654384_.jpg"">","._fluid-quad-image-label-v2_style_fluidLandscapeImage__2euAK._fluid-quad-image-label-v2_style_fluidImage__gTBjA[alt=""Laptops""]","https://www.amazon.com/"
"image-redundant-alt","minor","Ensure image alternative is not repeated as text","Alternative text of images should not be repeated as text","https://dequeuniversity.com/rules/axe/4.9/image-redundant-alt?application=axeAPI","<img alt=""Hard Drives"" src=""https://images-na.ssl-images-amazon.com/images/G/01/AmazonExports/Events/2024/DskBTFQuadCards/Fuji_BTF_Quad_Cards_1x_Hard_Drives._SY116_CB558654384_.jpg"" class=""_fluid-quad-image-label-v2_style_fluidLandscapeImage__2euAK _fluid-quad-image-label-v2_style_fluidImage__gTBjA"" data-a-hires=""https://images-na.ssl-images-amazon.com/images/G/01/AmazonExports/Events/2024/DskBTFQuadCards/Fuji_BTF_Quad_Cards_2x_Hard_Drives._SY232_CB558654384_.jpg"">","img[alt=""Hard Drives""]","https://www.amazon.com/"
"image-redundant-alt","minor","Ensure image alternative is not repeated as text","Alternative text of images should not be repeated as text","https://dequeuniversity.com/rules/axe/4.9/image-redundant-alt?application=axeAPI","<img alt=""Pc Accessories"" src=""https://images-na.ssl-images-amazon.com/images/G/01/AmazonExports/Events/2024/DskBTFQuadCards/Fuji_BTF_Quad_Cards_1x_Accessories._SY116_CB558654384_.jpg"" class=""_fluid-quad-image-label-v2_style_fluidLandscapeImage__2euAK _fluid-quad-image-label-v2_style_fluidImage__gTBjA"" data-a-hires=""https://images-na.ssl-images-amazon.com/images/G/01/AmazonExports/Events/2024/DskBTFQuadCards/Fuji_BTF_Quad_Cards_2x_Accessories._SY232_CB558654384_.jpg"">","img[alt=""Pc Accessories""]","https://www.amazon.com/"
"label-title-only","serious","Ensures that every form element has a visible label and is not solely labeled using hidden labels, or the title or aria-describedby attributes","Form elements should have a visible label","https://dequeuniversity.com/rules/axe/4.9/label-title-only?application=axeAPI","<select aria-describedby=""searchDropdownDescription"" class=""nav-search-dropdown searchSelect nav-progressive-attrubute nav-progressive-search-dropdown"" data-nav-digest=""k+fyIAyB82R9jVEmroQ0OWwSW3A="" data-nav-selected=""0"" id=""searchDropdownBox"" name=""url"" style=""display: block;"" tabindex=""0"" title=""Search in"">","#searchDropdownBox","https://www.amazon.com/"
"link-in-text-block","serious","Ensure links are distinguished from surrounding text in a way that does not rely on color","Links must be distinguishable without relying on color","https://dequeuniversity.com/rules/axe/4.9/link-in-text-block?application=axeAPI","<a href=""https://www.amazon.com/ap/register?openid.pape.max_auth_age=0&amp;openid.return_to=https%3A%2F%2Fwww.amazon.com%2F%3F_encoding%3DUTF8%26ref_%3Dnav_custrec_newcust&amp;openid.identity=http%3A%2F%2Fspecs.openid.net%2Fauth%2F2.0%2Fidentifier_select&amp;openid.assoc_handle=usflex&amp;openid.mode=checkid_setup&amp;openid.claimed_id=http%3A%2F%2Fspecs.openid.net%2Fauth%2F2.0%2Fidentifier_select&amp;openid.ns=http%3A%2F%2Fspecs.openid.net%2Fauth%2F2.0"" class=""nav-a"">",".nav-signin-tooltip-footer > .nav-a","https://www.amazon.com/"
"page-has-heading-one","moderate","Ensure that the page, or at least one of its frames contains a level-one heading","Page should contain a level-one heading","https://dequeuniversity.com/rules/axe/4.9/page-has-heading-one?application=axeAPI","<html lang=""en-us"" class="" a-js a-audio a-video a-canvas a-svg a-drag-drop a-geolocation a-history a-webworker a-autofocus a-input-placeholder a-textarea-placeholder a-local-storage a-gradients a-transform3d a-touch-scrolling a-text-shadow a-text-stroke a-box-shadow a-border-radius a-border-image a-opacity a-transform a-transition null"" data-19ax5a9jf=""dingo"" data-aui-build-date=""3.24.4-2024-05-31"" data-useragent=""Mozilla/5.0 (Windows NT 10.0; Win64; x64) AppleWebKit/537.36 (KHTML, like Gecko) HeadlessChrome/125.0.0.0 Safari/537.36"" data-platform=""Win32"">","html","https://www.amazon.com/"
"region","moderate","Ensures all page content is contained by landmarks","All page content should be contained by landmarks","https://dequeuniversity.com/rules/axe/4.9/region?application=axeAPI","<a id=""skiplink"" tabindex=""0"" class=""skip-link"">Skip to main content</a>","#skiplink","https://www.amazon.com/"
"region","moderate","Ensures all page content is contained by landmarks","All page content should be contained by landmarks","https://dequeuniversity.com/rules/axe/4.9/region?application=axeAPI","<a href=""javascript:void(0)"" id=""navBackToTop"" aria-label=""Back to top"">
  <div class=""navFooterBackToTop"">
  <span class=""navFooterBackToTopText"">
    Back to top
  </span>
  </div>
</a>","#navBackToTop","https://www.amazon.com/"
"region","moderate","Ensures all page content is contained by landmarks","All page content should be contained by landmarks","https://dequeuniversity.com/rules/axe/4.9/region?application=axeAPI","<div class=""navFooterLinkCol navAccessibility"">",".navFooterLinkCol.navAccessibility:nth-child(1)","https://www.amazon.com/"
"region","moderate","Ensures all page content is contained by landmarks","All page content should be contained by landmarks","https://dequeuniversity.com/rules/axe/4.9/region?application=axeAPI","<div class=""navFooterColHead"" role=""heading"" aria-level=""6"">Make Money with Us</div>",".navFooterLinkCol.navAccessibility:nth-child(3) > .navFooterColHead[role=""heading""][aria-level=""6""]","https://www.amazon.com/"
"region","moderate","Ensures all page content is contained by landmarks","All page content should be contained by landmarks","https://dequeuniversity.com/rules/axe/4.9/region?application=axeAPI","<li class=""nav_first"">
              <a href=""https://services.amazon.com/sell.html?ld=AZFSSOA&amp;ref_=footer_soa"" class=""nav_a"">Sell products on Amazon</a>
            </li>",".navFooterLinkCol.navAccessibility:nth-child(3) > ul > .nav_first","https://www.amazon.com/"
"region","moderate","Ensures all page content is contained by landmarks","All page content should be contained by landmarks","https://dequeuniversity.com/rules/axe/4.9/region?application=axeAPI","<li>
              <a href=""https://services.amazon.com/amazon-business.html?ld=usb2bunifooter&amp;ref_=footer_b2b"" class=""nav_a"">Sell on Amazon Business</a>
            </li>",".navFooterLinkCol.navAccessibility:nth-child(3) > ul > li:nth-child(2)","https://www.amazon.com/"
"region","moderate","Ensures all page content is contained by landmarks","All page content should be contained by landmarks","https://dequeuniversity.com/rules/axe/4.9/region?application=axeAPI","<li>
              <a href=""https://developer.amazon.com"" class=""nav_a"">Sell apps on Amazon</a>
            </li>",".navFooterLinkCol.navAccessibility:nth-child(3) > ul > li:nth-child(3)","https://www.amazon.com/"
"region","moderate","Ensures all page content is contained by landmarks","All page content should be contained by landmarks","https://dequeuniversity.com/rules/axe/4.9/region?application=axeAPI","<li>
              <a href=""https://affiliate-program.amazon.com/"" class=""nav_a"">Become an Affiliate</a>
            </li>",".navFooterLinkCol.navAccessibility:nth-child(3) > ul > li:nth-child(4)","https://www.amazon.com/"
"region","moderate","Ensures all page content is contained by landmarks","All page content should be contained by landmarks","https://dequeuniversity.com/rules/axe/4.9/region?application=axeAPI","<li>
              <a href=""https://advertising.amazon.com/?ref=ext_amzn_ftr"" class=""nav_a"">Advertise Your Products</a>
            </li>",".navFooterLinkCol.navAccessibility:nth-child(3) > ul > li:nth-child(5)","https://www.amazon.com/"
"region","moderate","Ensures all page content is contained by landmarks","All page content should be contained by landmarks","https://dequeuniversity.com/rules/axe/4.9/region?application=axeAPI","<li>
              <a href=""/gp/seller-account/mm-summary-page.html?ld=AZFooterSelfPublish&amp;topic=200260520&amp;ref_=footer_publishing"" class=""nav_a"">Self-Publish with Us</a>
            </li>",".navFooterLinkCol.navAccessibility:nth-child(3) > ul > li:nth-child(6)","https://www.amazon.com/"
"region","moderate","Ensures all page content is contained by landmarks","All page content should be contained by landmarks","https://dequeuniversity.com/rules/axe/4.9/region?application=axeAPI","<li>
              <a href=""https://go.thehub-amazon.com/amazon-hub-locker"" class=""nav_a"">Host an Amazon Hub</a>
            </li>",".navFooterLinkCol.navAccessibility:nth-child(3) > ul > li:nth-child(7)","https://www.amazon.com/"
"region","moderate","Ensures all page content is contained by landmarks","All page content should be contained by landmarks","https://dequeuniversity.com/rules/axe/4.9/region?application=axeAPI","<a href=""/b/?node=18190131011&amp;ld=AZUSSOA-seemore&amp;ref_=footer_seemore"" class=""nav_a"">See More Make Money with Us</a>",".nav_a_carat.nav_last > .nav_a","https://www.amazon.com/"
"region","moderate","Ensures all page content is contained by landmarks","All page content should be contained by landmarks","https://dequeuniversity.com/rules/axe/4.9/region?application=axeAPI","<div class=""navFooterLinkCol navAccessibility"">",".navFooterLinkCol.navAccessibility:nth-child(5)","https://www.amazon.com/"
"region","moderate","Ensures all page content is contained by landmarks","All page content should be contained by landmarks","https://dequeuniversity.com/rules/axe/4.9/region?application=axeAPI","<div class=""navFooterLinkCol navAccessibility"">",".navFooterLinkCol.navAccessibility:nth-child(7)","https://www.amazon.com/"
"region","moderate","Ensures all page content is contained by landmarks","All page content should be contained by landmarks","https://dequeuniversity.com/rules/axe/4.9/region?application=axeAPI","<span>
      <div class=""navFooterLine navFooterLogoLine"">
        <a aria-label=""Amazon US Home"" href=""/?ref_=footer_logo"">
        <div class=""nav-logo-base nav-sprite""></div>
        </a>
      </div>
</span>",".navFooterPadItemLine.navFooterLinkLine.navFooterLine:nth-child(4) > span:nth-child(1)","https://www.amazon.com/"
"region","moderate","Ensures all page content is contained by landmarks","All page content should be contained by landmarks","https://dequeuniversity.com/rules/axe/4.9/region?application=axeAPI","<a href=""/customer-preferences/edit?ie=UTF8&amp;preferencesReturnUrl=%2F&amp;ref_=footer_lang"" aria-label=""Choose a language for shopping."" class=""icp-button"" id=""icp-touch-link-language"">","#icp-touch-link-language","https://www.amazon.com/"
"region","moderate","Ensures all page content is contained by landmarks","All page content should be contained by landmarks","https://dequeuniversity.com/rules/axe/4.9/region?application=axeAPI","<a href=""/customer-preferences/edit?ie=UTF8&amp;ref_=footer_cop&amp;preferencesReturnUrl=%2F"" class=""icp-button"" id=""icp-touch-link-cop"">
  <span class=""icp-currency-symbol"">$</span><span class=""icp-color-base"">USD - U.S. Dollar</span>
</a>","#icp-touch-link-cop","https://www.amazon.com/"
"region","moderate","Ensures all page content is contained by landmarks","All page content should be contained by landmarks","https://dequeuniversity.com/rules/axe/4.9/region?application=axeAPI","<a href=""/customer-preferences/country?ie=UTF8&amp;preferencesReturnUrl=%2F&amp;ref_=footer_icp_cp"" aria-label=""Choose a country/region for shopping."" class=""icp-button"" id=""icp-touch-link-country"">","#icp-touch-link-country","https://www.amazon.com/"
"region","moderate","Ensures all page content is contained by landmarks","All page content should be contained by landmarks","https://dequeuniversity.com/rules/axe/4.9/region?application=axeAPI","<div class=""navFooterLine navFooterLinkLine navFooterPadItemLine navFooterCopyright"">",".navFooterCopyright","https://www.amazon.com/"